{
    "default_hs_url": "https://matrix.org",
    "default_is_url": "https://vector.im",
    "brand": "Riot",
    "integrations_ui_url": "https://scalar.vector.im/",
    "integrations_rest_url": "https://scalar.vector.im/api",
    "bug_report_endpoint_url": "https://riot.im/bugreports/submit",
    "enableLabs": true,
    "roomDirectory": {
        "servers": [
            "matrix.org"
        ]
    },
    "welcomeUserId": "@riot-bot:matrix.org",
    "piwik": {
        "url": "https://piwik.riot.im/",
        "siteId": 1
    }
}
